Quadro 1.2 Sinistralidade em Portugal por dia da semana,,,,,,,,,,,,,,,,
,,,,,,,,,,,,,,,,
Dia da semana,AcV,,,,VM,,,,FG,,,,FL,,,
,2019,2023,2024,∆(%) 24/23,2019,2023,2024,∆(%) 24/23,2019,2023,2024,∆(%) 24/23,2019,2023,2024,∆(%) 24/23
2.ª feira,5279,5315,5499,0.03461900282220132,91,83,60,-0.27710843373493976,255,325,355,0.0923076923076922,6330,6116,6365,0.040712884238064184
3.ª feira,5388,5138,5592,0.08836123005060337,84,66,81,0.2272727272727273,326,302,346,0.14569536423841067,6452,5969,6508,0.09029988272742506
4.ª feira,5333,5235,5611,0.07182425978987594,98,62,71,0.14516129032258074,284,320,362,0.1312500000000001,6384,6065,6418,0.0582028029678483
5.ª feira,5593,5229,5436,0.03958691910499135,88,87,79,-0.09195402298850575,303,295,294,-0.003389830508474523,6588,6154,6359,0.033311667208319795
6.ª feira,5789,5814,5981,0.028723770209838406,104,91,102,0.1208791208791209,365,335,393,0.17313432835820897,6901,6796,6954,0.023248969982342604
Sábado,5274,5173,5181,0.001546491397641514,108,131,100,-0.23664122137404575,441,481,432,-0.10187110187110182,6454,6159,6201,0.006819288845591798
Domingo,4595,4691,4737,0.009806011511404922,115,122,125,0.024590163934426146,409,442,444,0.004524886877828038,5825,5614,5802,0.03348770929818312
Total,37251,36595,38037,0.03940429020357983,688,642,618,-0.03738317757009346,2383,2500,2626,0.0504,44934,42873,44607,0.04044503533692523
,,,,,,,,,,,,,,,,
,,,,,,,,,,,,,,,,
,,,,,,,,,,,,,,,,
,,,,,,,,,,,,,,,,
,,,,,,,,,,,,,,,,
,,,,,,,,,,,,,,,,
,,,,,,,,,,,,,,,,
,,,,,,,,,,,,,,,,
,,,,,,,,,,,,,,,,
,,,,,,,,,,,,,,,,
,,,,,,,,,,,,,,,,
,,,,,,,,,,,,,,,,
,,,,,,,,,,,,,,,,
,,,,,,,,,,,,,,,,
,,,,,,,,,,,,,,,,
,,,,,,,,,,,,,,,,
,,,,,,,,,,,,,,,,
,,,,,,,,,,,,,,,,
,,,,,,,,,,,,,,,,
,,,,,,,,,,,,,,,,
,,,,,,,,,,,,,,,,
