Quadro 3.1 Vítimas em Portugal por categoria de utente,,,,,,,,,,,,,,,,,,,,,,
,,,,,,,,,,,,,,,,,,,,,,
Categoria de utente,VM,,,,FG,,,,FL,,,,Total de vítimas,,,,VM/100 vítimas,,,FG/100 vítimas,,
,2019,2023,2024,∆(%) 24/23,2019,2023,2024,∆(%) 24/23,2019,2023,2024,∆(%) 24/23,2019,2023,2024,∆(%) 24/23,2019,2023,2024,2019,2023,2024
Condutor,403,428,431,0.007009345794392496,1515,1784,1775,-0.005044843049327397,28876,29024,30263,0.04268880926130092,30794,31236,32469,0.03947368421052633,1.308696499318049,1.3702138558074017,1.3274200006159722,4.919789569396635,5.711358688692534,5.466752902768795
Passageiro,145,105,76,-0.2761904761904762,418,366,425,0.1612021857923498,10667,9201,9497,0.03217041625910233,11230,9672,9998,0.0337055417700578,1.2911843276936776,1.08560794044665,0.7601520304060811,3.722172751558326,3.7841191066997517,4.250850170034006
Peão,140,109,111,0.0183486238532109,450,350,426,0.21714285714285708,5391,4648,4847,0.042814113597246184,5981,5107,5384,0.05423927942040341,2.340745694699883,2.1343254356765224,2.0616641901931647,7.5238254472496235,6.853338554924613,7.912332838038632
Total,688,642,618,-0.03738317757009346,2383,2500,2626,0.0504,44934,42873,44607,0.04044503533692523,48005,46015,47851,0.03990003259806585,1.4331840433288199,1.395197218298381,1.2915090593718,4.964066243099677,5.433010974682169,5.487868592087939
,,,,,,,,,,,,,,,,,,,,,,
,,,,,,,,,,,,,,,,,,,,,,
,,,,,,,,,,,,,,,,,,,,,,
,,,,,,,,,,,,,,,,,,,,,,
,,,,,,,,,,,,,,,,,,,,,,
,,,,,,,,,,,,,,,,,,,,,,
,,,,,,,,,,,,,,,,,,,,,,
,,,,,,,,,,,,,,,,,,,,,,
,,,,,,,,,,,,,,,,,,,,,,
,,,,,,,,,,,,,,,,,,,,,,
,,,,,,,,,,,,,,,,,,,,,,
,,,,,,,,,,,,,,,,,,,,,,
,,,,,,,,,,,,,,,,,,,,,,
,,,,,,,,,,,,,,,,,,,,,,
,,,,,,,,,,,,,,,,,,,,,,
,,,,,,,,,,,,,,,,,,,,,,
,,,,,,,,,,,,,,,,,,,,,,
,,,,,,,,,,,,,,,,,,,,,,
,,,,,,,,,,,,,,,,,,,,,,
,,,,,,,,,,,,,,,,,,,,,,
,,,,,,,,,,,,,,,,,,,,,,
,,,,,,,,,,,,,,,,,,,,,,
,,,,,,,,,,,,,,,,,,,,,,
,,,,,,,,,,,,,,,,,,,,,,
,,,,,,,,,,,,,,,,,,,,,,
