Quadro 4.1 Peões vítimas em Portugal por regiões NUTS I,,,,,,,,,,,,,,,,
,,,,,,,,,,,,,,,,
Regiões,VM,,,,FG,,,,FL,,,,Total de peões vítimas,,,
,2019,2023,2024,∆(%) 24/23,2019,2023,2024,∆(%) 24/23,2019,2023,2024,∆(%) 24/23,2019,2023,2024,∆(%) 24/23
Continente,134,102,107,0.0490196078431373,409,321,397,0.23676012461059193,5180,4450,4648,0.04449438202247191,5723,4873,5152,0.05725425815719265
R.A. Açores,5,4,2,-0.5,24,15,14,-0.06666666666666665,77,58,71,0.22413793103448265,106,77,87,0.1298701298701299
R.A. Madeira,1,3,2,-0.33333333333333337,17,14,15,0.0714285714285714,134,140,128,-0.08571428571428574,152,157,145,-0.07643312101910826
Total,140,109,111,0.0183486238532109,450,350,426,0.21714285714285708,5391,4648,4847,0.042814113597246184,5981,5107,5384,0.05423927942040341
,,,,,,,,,,,,,,,,
,,,,,,,,,,,,,,,,
,,,,,,,,,,,,,,,,
,,,,,,,,,,,,,,,,
,,,,,,,,,,,,,,,,
,,,,,,,,,,,,,,,,
,,,,,,,,,,,,,,,,
,,,,,,,,,,,,,,,,
,,,,,,,,,,,,,,,,
,,,,,,,,,,,,,,,,
,,,,,,,,,,,,,,,,
,,,,,,,,,,,,,,,,
,,,,,,,,,,,,,,,,
,,,,,,,,,,,,,,,,
,,,,,,,,,,,,,,,,
,,,,,,,,,,,,,,,,
,,,,,,,,,,,,,,,,
,,,,,,,,,,,,,,,,
,,,,,,,,,,,,,,,,
,,,,,,,,,,,,,,,,
,,,,,,,,,,,,,,,,
,,,,,,,,,,,,,,,,
,,,,,,,,,,,,,,,,
,,,,,,,,,,,,,,,,
,,,,,,,,,,,,,,,,
