Quadro 4.7 Peões vítimas em Portugal segundo a luminosidade,,,,,,,,,,,,,,,,
,,,,,,,,,,,,,,,,
Luminosidade,VM,,,,FG,,,,FL,,,,Total de peões vítimas,,,
,2019,2023,2024,∆(%) 24/23,2019,2023,2024,∆(%) 24/23,2019,2023,2024,∆(%) 24/23,2019,2023,2024,∆(%) 24/23
Dia,76,66,59,-0.10606060606060608,276,217,277,0.2764976958525345,3800,3441,3576,0.03923278116826512,4152,3724,3912,0.050483351235230955
Noite,60,40,45,0.125,146,116,131,0.1293103448275863,1372,1038,1117,0.07610789980732169,1578,1194,1293,0.08291457286432169
Aurora/Crepúsculo,4,3,7,1.3333333333333335,28,17,18,0.05882352941176472,214,169,154,-0.08875739644970415,246,189,179,-0.05291005291005291
n.d.,0,0,0,-,0,0,0,-,5,0,0,-,5,0,0,-
Total,140,109,111,0.0183486238532109,450,350,426,0.21714285714285708,5391,4648,4847,0.042814113597246184,5981,5107,5384,0.05423927942040341
n.d. - não definido,,,,,,,,,,,,,,,,
,,,,,,,,,,,,,,,,
,,,,,,,,,,,,,,,,
,,,,,,,,,,,,,,,,
,,,,,,,,,,,,,,,,
,,,,,,,,,,,,,,,,
,,,,,,,,,,,,,,,,
,,,,,,,,,,,,,,,,
,,,,,,,,,,,,,,,,
,,,,,,,,,,,,,,,,
,,,,,,,,,,,,,,,,
,,,,,,,,,,,,,,,,
,,,,,,,,,,,,,,,,
,,,,,,,,,,,,,,,,
,,,,,,,,,,,,,,,,
,,,,,,,,,,,,,,,,
,,,,,,,,,,,,,,,,
,,,,,,,,,,,,,,,,
,,,,,,,,,,,,,,,,
,,,,,,,,,,,,,,,,
,,,,,,,,,,,,,,,,
,,,,,,,,,,,,,,,,
,,,,,,,,,,,,,,,,
,,,,,,,,,,,,,,,,
