Quadro 5.5 Passageiros vítimas em Portugal por período horário,,,,,,,,,,,,,,,,
,,,,,,,,,,,,,,,,
Período horário,VM,,,,FG,,,,FL,,,,Total de passageiros vítimas,,,
,2019,2023,2024,∆(%) 24/23,2019,2023,2024,∆(%) 24/23,2019,2023,2024,∆(%) 24/23,2019,2023,2024,∆(%) 24/23
[00:00-03:00[,9,8,8,0,40,34,36,0.05882352941176472,512,477,461,-0.033542976939203384,561,519,505,-0.026974951830443183
[03:00-06:00[,8,13,6,-0.5384615384615384,27,27,27,0,295,275,237,-0.13818181818181818,330,315,270,-0.1428571428571429
[06:00-09:00[,10,12,11,-0.08333333333333337,35,33,57,0.7272727272727273,1042,842,947,0.12470308788598583,1087,887,1015,0.14430665163472378
[09:00-12:00[,15,8,6,-0.25,35,36,39,0.08333333333333326,1424,1264,1357,0.07357594936708867,1474,1308,1402,0.0718654434250765
[12:00-15:00[,14,19,9,-0.5263157894736843,54,49,68,0.3877551020408163,1809,1588,1660,0.04534005037783384,1877,1656,1737,0.048913043478260976
[15:00-18:00[,31,19,16,-0.1578947368421053,87,85,81,-0.04705882352941182,2509,2250,2137,-0.05022222222222217,2627,2354,2234,-0.05097706032285476
[18:00-21:00[,45,18,14,-0.2222222222222222,78,64,80,0.25,2091,1737,1841,0.059873344847438004,2214,1819,1935,0.06377130291368882
[21:00-00:00[,13,8,6,-0.25,62,38,37,-0.02631578947368418,985,768,857,0.11588541666666674,1060,814,900,0.10565110565110558
Total,145,105,76,-0.2761904761904762,418,366,425,0.1612021857923498,10667,9201,9497,0.03217041625910233,11230,9672,9998,0.0337055417700578
,,,,,,,,,,,,,,,,
,,,,,,,,,,,,,,,,
,,,,,,,,,,,,,,,,
,,,,,,,,,,,,,,,,
,,,,,,,,,,,,,,,,
,,,,,,,,,,,,,,,,
,,,,,,,,,,,,,,,,
,,,,,,,,,,,,,,,,
,,,,,,,,,,,,,,,,
,,,,,,,,,,,,,,,,
,,,,,,,,,,,,,,,,
,,,,,,,,,,,,,,,,
,,,,,,,,,,,,,,,,
,,,,,,,,,,,,,,,,
,,,,,,,,,,,,,,,,
,,,,,,,,,,,,,,,,
,,,,,,,,,,,,,,,,
,,,,,,,,,,,,,,,,
,,,,,,,,,,,,,,,,
,,,,,,,,,,,,,,,,
,,,,,,,,,,,,,,,,
