Quadro 5.7 Passageiros vítimas em Portugal por luminosidade,,,,,,,,,,,,,,,,
,,,,,,,,,,,,,,,,
Luminosidade,VM,,,,FG,,,,FL,,,,Total de passageiros vítimas,,,
,2019,2023,2024,∆(%) 24/23,2019,2023,2024,∆(%) 24/23,2019,2023,2024,∆(%) 24/23,2019,2023,2024,∆(%) 24/23
Dia,101,62,43,-0.30645161290322576,242,230,270,0.17391304347826098,7258,6502,6748,0.037834512457705305,7601,6794,7061,0.03929938180747716
Noite,42,39,29,-0.2564102564102564,161,126,143,0.13492063492063489,2923,2372,2504,0.05564924114671155,3126,2537,2676,0.054789121009065855
Aurora/Crepúsculo,2,4,4,0,14,10,12,0.19999999999999996,479,327,245,-0.25076452599388377,495,341,261,-0.23460410557184752
n.d.,0,0,0,-,1,0,0,-,7,0,0,-,8,0,0,-
Total,145,105,76,-0.2761904761904762,418,366,425,0.1612021857923498,10667,9201,9497,0.03217041625910233,11230,9672,9998,0.0337055417700578
n.d. - não definido,,,,,,,,,,,,,,,,
,,,,,,,,,,,,,,,,
,,,,,,,,,,,,,,,,
,,,,,,,,,,,,,,,,
,,,,,,,,,,,,,,,,
,,,,,,,,,,,,,,,,
,,,,,,,,,,,,,,,,
,,,,,,,,,,,,,,,,
,,,,,,,,,,,,,,,,
,,,,,,,,,,,,,,,,
,,,,,,,,,,,,,,,,
,,,,,,,,,,,,,,,,
,,,,,,,,,,,,,,,,
,,,,,,,,,,,,,,,,
,,,,,,,,,,,,,,,,
,,,,,,,,,,,,,,,,
,,,,,,,,,,,,,,,,
,,,,,,,,,,,,,,,,
,,,,,,,,,,,,,,,,
,,,,,,,,,,,,,,,,
,,,,,,,,,,,,,,,,
,,,,,,,,,,,,,,,,
,,,,,,,,,,,,,,,,
,,,,,,,,,,,,,,,,
