Quadro 6.1 Condutores vítimas em Portugal por região NUTS I,,,,,,,,,,,,,,,,
,,,,,,,,,,,,,,,,
NUTS I,VM,,,,FG,,,,FL,,,,Total de condutores vítimas,,,
,2019,2023,2024,∆(%) 24/23,2019,2023,2024,∆(%) 24/23,2019,2023,2024,∆(%) 24/23,2019,2023,2024,∆(%) 24/23
Continente,383,412,416,0.009708737864077666,1391,1644,1656,0.007299270072992803,27754,27778,28987,0.043523651810785546,29528,29834,31059,0.04106053496011253
R.A. Açores,10,10,8,-0.19999999999999996,59,68,67,-0.014705882352941124,429,483,504,0.04347826086956519,498,561,579,0.03208556149732611
R.A. Madeira,10,6,7,0.16666666666666674,65,72,52,-0.2777777777777778,693,763,772,0.011795543905635641,768,841,831,-0.01189060642092743
Total,403,428,431,0.007009345794392496,1515,1784,1775,-0.005044843049327397,28876,29024,30263,0.04268880926130092,30794,31236,32469,0.03947368421052633
,,,,,,,,,,,,,,,,
,,,,,,,,,,,,,,,,
,,,,,,,,,,,,,,,,
,,,,,,,,,,,,,,,,
,,,,,,,,,,,,,,,,
,,,,,,,,,,,,,,,,
,,,,,,,,,,,,,,,,
,,,,,,,,,,,,,,,,
,,,,,,,,,,,,,,,,
,,,,,,,,,,,,,,,,
,,,,,,,,,,,,,,,,
,,,,,,,,,,,,,,,,
,,,,,,,,,,,,,,,,
,,,,,,,,,,,,,,,,
,,,,,,,,,,,,,,,,
,,,,,,,,,,,,,,,,
,,,,,,,,,,,,,,,,
,,,,,,,,,,,,,,,,
,,,,,,,,,,,,,,,,
,,,,,,,,,,,,,,,,
,,,,,,,,,,,,,,,,
,,,,,,,,,,,,,,,,
,,,,,,,,,,,,,,,,
,,,,,,,,,,,,,,,,
,,,,,,,,,,,,,,,,
