Quadro 6.7 Condutores vítimas em Portugal por luminosidade,,,,,,,,,,,,,,,,
,,,,,,,,,,,,,,,,
Luminosidade,VM,,,,FG,,,,FL,,,,Total de condutores vítimas,,,
,2019,2023,2024,∆(%) 24/23,2019,2023,2024,∆(%) 24/23,2019,2023,2024,∆(%) 24/23,2019,2023,2024,∆(%) 24/23
Dia,229,263,266,0.011406844106463865,916,1239,1214,-0.020177562550443895,20632,21617,22527,0.042096498126474424,21777,23119,24007,0.038409965828971826
Noite,154,140,148,0.05714285714285716,536,473,487,0.029598308668076,7055,6332,6935,0.09523057485786479,7745,6945,7570,0.08999280057595382
Aurora/Crepúsculo,20,25,17,-0.31999999999999995,63,72,74,0.02777777777777768,1174,1074,801,-0.25418994413407825,1257,1171,892,-0.23825789923142615
n.d.,0,0,0,-,0,0,0,-,15,1,0,-1,15,1,0,-1
Total,403,428,431,0.007009345794392496,1515,1784,1775,-0.005044843049327397,28876,29024,30263,0.04268880926130092,30794,31236,32469,0.03947368421052633
n.d. - não definido,,,,,,,,,,,,,,,,
,,,,,,,,,,,,,,,,
,,,,,,,,,,,,,,,,
,,,,,,,,,,,,,,,,
,,,,,,,,,,,,,,,,
,,,,,,,,,,,,,,,,
,,,,,,,,,,,,,,,,
,,,,,,,,,,,,,,,,
,,,,,,,,,,,,,,,,
,,,,,,,,,,,,,,,,
,,,,,,,,,,,,,,,,
,,,,,,,,,,,,,,,,
,,,,,,,,,,,,,,,,
,,,,,,,,,,,,,,,,
,,,,,,,,,,,,,,,,
,,,,,,,,,,,,,,,,
,,,,,,,,,,,,,,,,
,,,,,,,,,,,,,,,,
,,,,,,,,,,,,,,,,
,,,,,,,,,,,,,,,,
,,,,,,,,,,,,,,,,
,,,,,,,,,,,,,,,,
,,,,,,,,,,,,,,,,
,,,,,,,,,,,,,,,,
