Quadro 6.8 Condutores vítimas em Portugal por natureza do acidente,,,,,,,,,,,,,,,,
,,,,,,,,,,,,,,,,
Natureza,VM,,,,FG,,,,FL,,,,Total de condutores vítimas,,,
,2019,2023,2024,∆(%) 24/23,2019,2023,2024,∆(%) 24/23,2019,2023,2024,∆(%) 24/23,2019,2023,2024,∆(%) 24/23
Atropelamento,2,0,3,-,9,11,4,-0.6363636363636364,267,268,291,0.08582089552238803,278,279,298,0.06810035842293916
Colisão,202,210,230,0.09523809523809534,809,938,979,0.04371002132196167,18293,18179,19275,0.06028934484845161,19304,19327,20484,0.05986443835049404
Despiste,199,218,198,-0.09174311926605505,697,835,792,-0.05149700598802398,10316,10577,10697,0.011345372033658041,11212,11630,11687,0.004901117798796317
Total,403,428,431,0.007009345794392496,1515,1784,1775,-0.005044843049327397,28876,29024,30263,0.04268880926130092,30794,31236,32469,0.03947368421052633
,,,,,,,,,,,,,,,,
,,,,,,,,,,,,,,,,
,,,,,,,,,,,,,,,,
,,,,,,,,,,,,,,,,
,,,,,,,,,,,,,,,,
,,,,,,,,,,,,,,,,
,,,,,,,,,,,,,,,,
,,,,,,,,,,,,,,,,
,,,,,,,,,,,,,,,,
,,,,,,,,,,,,,,,,
,,,,,,,,,,,,,,,,
,,,,,,,,,,,,,,,,
,,,,,,,,,,,,,,,,
,,,,,,,,,,,,,,,,
,,,,,,,,,,,,,,,,
,,,,,,,,,,,,,,,,
,,,,,,,,,,,,,,,,
,,,,,,,,,,,,,,,,
,,,,,,,,,,,,,,,,
,,,,,,,,,,,,,,,,
,,,,,,,,,,,,,,,,
,,,,,,,,,,,,,,,,
,,,,,,,,,,,,,,,,
,,,,,,,,,,,,,,,,
,,,,,,,,,,,,,,,,
