Quadro 1.3 Sinistralidade em Portugal por período horário,,,,,,,,,,,,,,,,
,,,,,,,,,,,,,,,,
Período horário,AcV,,,,VM,,,,FG,,,,FL,,,
,2019,2022,2023,∆(%) 23/22,2019,2022,2023,∆(%) 23/22,2019,2022,2023,∆(%) 23/22,2019,2022,2023,∆(%) 23/22
[00:00-03:00[,1387,1232,1274,0.03409090909090917,43,44,44,0,155,119,145,0.21848739495798308,1656,1467,1525,0.03953646898432184
[03:00-06:00[,797,816,791,-0.030637254901960786,26,39,39,0,99,119,107,-0.10084033613445376,937,939,915,-0.025559105431309903
[06:00-09:00[,4157,3755,4043,0.07669773635153132,57,84,69,-0.1785714285714286,225,255,242,-0.050980392156862786,4975,4401,4681,0.06362190411270174
[09:00-12:00[,6047,5502,6014,0.09305707015630671,83,82,83,0.012195121951219523,294,274,292,0.06569343065693434,7098,6294,6961,0.10597394343819522
[12:00-15:00[,6561,6181,6560,0.061316939006633264,78,88,97,0.10227272727272729,326,320,411,0.28437500000000004,7969,7184,7692,0.07071269487750564
[15:00-18:00[,7745,7159,7989,0.11593798016482748,142,112,104,-0.0714285714285714,464,480,560,0.16666666666666674,9561,8498,9567,0.12579430454224516
[18:00-21:00[,7463,6809,7198,0.057130268761932834,181,115,149,0.29565217391304355,534,503,518,0.02982107355864816,8971,8010,8314,0.03795255930087382
[21:00-00:00[,3094,2822,2726,-0.03401842664776755,78,54,57,0.05555555555555558,286,232,225,-0.030172413793103425,3767,3321,3218,-0.031014754591990323
Total,37251,34276,36595,0.0676566693896603,688,618,642,0.03883495145631066,2383,2302,2500,0.08601216333622941,44934,40114,42873,0.06877897990726423
,,,,,,,,,,,,,,,,
,,,,,,,,,,,,,,,,
,,,,,,,,,,,,,,,,
,,,,,,,,,,,,,,,,
,,,,,,,,,,,,,,,,
,,,,,,,,,,,,,,,,
,,,,,,,,,,,,,,,,
,,,,,,,,,,,,,,,,
,,,,,,,,,,,,,,,,
,,,,,,,,,,,,,,,,
,,,,,,,,,,,,,,,,
,,,,,,,,,,,,,,,,
,,,,,,,,,,,,,,,,
,,,,,,,,,,,,,,,,
,,,,,,,,,,,,,,,,
,,,,,,,,,,,,,,,,
,,,,,,,,,,,,,,,,
,,,,,,,,,,,,,,,,
,,,,,,,,,,,,,,,,
,,,,,,,,,,,,,,,,
