Quadro 1.5 Sinistralidade em Portugal por condições de luminosidade,,,,,,,,,,,,,,,,
,,,,,,,,,,,,,,,,
Luminosidade,AcV,,,,VM,,,,FG,,,,FL,,,
,2019,2022,2023,∆(%) 23/22,2019,2022,2023,∆(%) 23/22,2019,2022,2023,∆(%) 23/22,2019,2022,2023,∆(%) 23/22
Dia,26208,24881,26915,0.08174912583899352,406,379,391,0.0316622691292876,1434,1453,1686,0.1603578802477632,31690,29130,31560,0.08341915550978363
Noite,9463,8223,8334,0.013498723093761322,256,199,219,0.10050251256281406,843,715,715,0,11350,9581,9742,0.01680409143095707
Aurora/Crepúsculo,1559,1172,1345,0.14761092150170652,26,40,32,-0.19999999999999996,105,134,99,-0.26119402985074625,1867,1403,1570,0.11903064861012114
n.d.,21,0,1,-,0,0,0,-,1,0,0,-,27,0,1,-
Total,37251,34276,36595,0.0676566693896603,688,618,642,0.03883495145631066,2383,2302,2500,0.08601216333622941,44934,40114,42873,0.06877897990726423
n.d. - não definido,,,,,,,,,,,,,,,,
,,,,,,,,,,,,,,,,
,,,,,,,,,,,,,,,,
,,,,,,,,,,,,,,,,
,,,,,,,,,,,,,,,,
,,,,,,,,,,,,,,,,
,,,,,,,,,,,,,,,,
,,,,,,,,,,,,,,,,
,,,,,,,,,,,,,,,,
,,,,,,,,,,,,,,,,
,,,,,,,,,,,,,,,,
,,,,,,,,,,,,,,,,
,,,,,,,,,,,,,,,,
,,,,,,,,,,,,,,,,
,,,,,,,,,,,,,,,,
,,,,,,,,,,,,,,,,
,,,,,,,,,,,,,,,,
,,,,,,,,,,,,,,,,
,,,,,,,,,,,,,,,,
,,,,,,,,,,,,,,,,
,,,,,,,,,,,,,,,,
,,,,,,,,,,,,,,,,
,,,,,,,,,,,,,,,,
,,,,,,,,,,,,,,,,
