Quadro 3.1 Vítimas em Portugal por categoria de utente,,,,,,,,,,,,,,,,,,,,,,
,,,,,,,,,,,,,,,,,,,,,,
Categoria de utente,VM,,,,FG,,,,FL,,,,Total de vítimas,,,,VM/100 vítimas,,,FG/100 vítimas,,
,2019,2022,2023,∆(%) 23/22,2019,2022,2023,∆(%) 23/22,2019,2022,2023,∆(%) 23/22,2019,2022,2023,∆(%) 23/22,2019,2022,2023,2019,2022,2023
Condutor,403,404,428,0.05940594059405946,1515,1538,1784,0.15994798439531865,28876,27049,29024,0.07301563828607338,30794,28991,31236,0.07743782553206158,1.308696499318049,1.3935359249422232,1.3702138558074017,4.919789569396635,5.305094684557276,5.711358688692534
Passageiro,145,107,105,-0.01869158878504673,418,414,366,-0.1159420289855072,10667,8573,9201,0.07325323690656704,11230,9094,9672,0.06355839014734999,1.2911843276936776,1.176599956014955,1.08560794044665,3.722172751558326,4.55245216626347,3.7841191066997517
Peão,140,107,109,0.01869158878504673,450,350,350,0,5391,4492,4648,0.03472840605520933,5981,4949,5107,0.03192564154374611,2.340745694699883,2.162052939987876,2.1343254356765224,7.5238254472496235,7.072135785007072,6.853338554924613
Total,688,618,642,0.03883495145631066,2383,2302,2500,0.08601216333622941,44934,40114,42873,0.06877897990726423,48005,43034,46015,0.06927080912766659,1.4331840433288199,1.4360738021099597,1.395197218298381,4.964066243099677,5.349258725658782,5.433010974682169
,,,,,,,,,,,,,,,,,,,,,,
,,,,,,,,,,,,,,,,,,,,,,
,,,,,,,,,,,,,,,,,,,,,,
,,,,,,,,,,,,,,,,,,,,,,
,,,,,,,,,,,,,,,,,,,,,,
,,,,,,,,,,,,,,,,,,,,,,
,,,,,,,,,,,,,,,,,,,,,,
,,,,,,,,,,,,,,,,,,,,,,
,,,,,,,,,,,,,,,,,,,,,,
,,,,,,,,,,,,,,,,,,,,,,
,,,,,,,,,,,,,,,,,,,,,,
,,,,,,,,,,,,,,,,,,,,,,
,,,,,,,,,,,,,,,,,,,,,,
,,,,,,,,,,,,,,,,,,,,,,
,,,,,,,,,,,,,,,,,,,,,,
,,,,,,,,,,,,,,,,,,,,,,
,,,,,,,,,,,,,,,,,,,,,,
,,,,,,,,,,,,,,,,,,,,,,
,,,,,,,,,,,,,,,,,,,,,,
,,,,,,,,,,,,,,,,,,,,,,
,,,,,,,,,,,,,,,,,,,,,,
,,,,,,,,,,,,,,,,,,,,,,
,,,,,,,,,,,,,,,,,,,,,,
,,,,,,,,,,,,,,,,,,,,,,
,,,,,,,,,,,,,,,,,,,,,,
