Quadro 4.5 Peões vítimas em Portugal por período horário,,,,,,,,,,,,,,,,
,,,,,,,,,,,,,,,,
Período horário,VM,,,,FG,,,,FL,,,,Total de peões vítimas,,,
,2019,2022,2023,∆(%) 23/22,2019,2022,2023,∆(%) 23/22,2019,2022,2023,∆(%) 23/22,2019,2022,2023,∆(%) 23/22
[00:00-03:00[,7,2,3,0.5,7,7,13,0.8571428571428572,84,76,63,-0.17105263157894735,98,85,79,-0.07058823529411762
[03:00-06:00[,2,7,4,-0.4285714285714286,8,10,4,-0.6,36,36,34,-0.05555555555555558,46,53,42,-0.2075471698113207
[06:00-09:00[,7,19,11,-0.42105263157894735,54,39,49,0.2564102564102564,561,462,520,0.12554112554112562,622,520,580,0.11538461538461542
[09:00-12:00[,21,15,21,0.3999999999999999,68,56,50,-0.1071428571428571,969,844,931,0.10308056872037907,1058,915,1002,0.09508196721311468
[12:00-15:00[,14,9,16,0.7777777777777777,63,51,43,-0.1568627450980392,893,711,744,0.04641350210970474,970,771,803,0.04150453955901434
[15:00-18:00[,29,15,11,-0.2666666666666667,77,67,68,0.014925373134328401,1148,1021,1044,0.022526934378060748,1254,1103,1123,0.01813236627379866
[18:00-21:00[,45,31,32,0.032258064516129004,129,92,94,0.021739130434782705,1357,1056,1049,-0.006628787878787845,1531,1179,1175,-0.003392705682782049
[21:00-00:00[,15,9,11,0.22222222222222232,44,28,29,0.03571428571428581,343,286,263,-0.08041958041958042,402,323,303,-0.0619195046439629
Total,140,107,109,0.01869158878504673,450,350,350,0,5391,4492,4648,0.03472840605520933,5981,4949,5107,0.03192564154374611
,,,,,,,,,,,,,,,,
,,,,,,,,,,,,,,,,
,,,,,,,,,,,,,,,,
,,,,,,,,,,,,,,,,
,,,,,,,,,,,,,,,,
,,,,,,,,,,,,,,,,
,,,,,,,,,,,,,,,,
,,,,,,,,,,,,,,,,
,,,,,,,,,,,,,,,,
,,,,,,,,,,,,,,,,
,,,,,,,,,,,,,,,,
,,,,,,,,,,,,,,,,
,,,,,,,,,,,,,,,,
,,,,,,,,,,,,,,,,
,,,,,,,,,,,,,,,,
,,,,,,,,,,,,,,,,
,,,,,,,,,,,,,,,,
,,,,,,,,,,,,,,,,
,,,,,,,,,,,,,,,,
,,,,,,,,,,,,,,,,
