Quadro 5.6 Passageiros vítimas em Portugal por fatores atmosféricos,,,,,,,,,,,,,,,,
,,,,,,,,,,,,,,,,
Fatores atmosféricos,VM,,,,FG,,,,FL,,,,Total de passageiros vítimas,,,
,2019,2022,2023,∆(%) 23/22,2019,2022,2023,∆(%) 23/22,2019,2022,2023,∆(%) 23/22,2019,2022,2023,∆(%) 23/22
Bom tempo,124,93,95,0.021505376344086002,344,364,307,-0.1565934065934066,8376,7068,7515,0.06324278438030562,8844,7525,7917,0.052093023255813886
Chuva,17,13,8,-0.3846153846153846,64,45,51,0.1333333333333333,2149,1422,1568,0.1026722925457102,2230,1480,1627,0.09932432432432425
Nevoeiro,1,0,1,-,8,4,6,0.5,88,60,95,0.5833333333333333,97,64,102,0.59375
Granizo,1,0,0,-,0,0,0,-,27,5,2,-0.6,28,5,2,-0.6
Fumo,2,1,0,-1,2,0,0,-,2,3,0,-1,6,4,0,-1
Vento,0,0,1,-,0,1,0,-1,6,4,10,1.5,6,5,11,1.2000000000000002
Neve,0,0,0,-,0,0,2,-,6,2,4,1,6,2,6,2
n.d.,0,0,0,-,0,0,0,-,13,9,7,-0.2222222222222222,13,9,7,-0.2222222222222222
Total,145,107,105,-0.01869158878504673,418,414,366,-0.1159420289855072,10667,8573,9201,0.07325323690656704,11230,9094,9672,0.06355839014734999
n.d. - não definido,,,,,,,,,,,,,,,,
,,,,,,,,,,,,,,,,
,,,,,,,,,,,,,,,,
,,,,,,,,,,,,,,,,
,,,,,,,,,,,,,,,,
,,,,,,,,,,,,,,,,
,,,,,,,,,,,,,,,,
,,,,,,,,,,,,,,,,
,,,,,,,,,,,,,,,,
,,,,,,,,,,,,,,,,
,,,,,,,,,,,,,,,,
,,,,,,,,,,,,,,,,
,,,,,,,,,,,,,,,,
,,,,,,,,,,,,,,,,
,,,,,,,,,,,,,,,,
,,,,,,,,,,,,,,,,
,,,,,,,,,,,,,,,,
,,,,,,,,,,,,,,,,
,,,,,,,,,,,,,,,,
,,,,,,,,,,,,,,,,
