Quadro 5.8 Passageiros vítimas em Portugal por natureza do acidente,,,,,,,,,,,,,,,,
,,,,,,,,,,,,,,,,
Natureza,VM,,,,FG,,,,FL,,,,Total de passageiros vítimas,,,
,2019,2022,2023,∆(%) 23/22,2019,2022,2023,∆(%) 23/22,2019,2022,2023,∆(%) 23/22,2019,2022,2023,∆(%) 23/22
Atropelamento,0,0,0,-,0,1,1,0,53,33,31,-0.06060606060606055,53,34,32,-0.05882352941176472
Colisão,58,40,49,0.2250000000000001,175,212,206,-0.028301886792452824,7432,5835,6275,0.07540702656383891,7665,6087,6530,0.07277805158534578
Despiste,87,67,56,-0.16417910447761197,243,201,159,-0.20895522388059706,3182,2705,2895,0.07024029574861368,3512,2973,3110,0.04608139926000665
Total,145,107,105,-0.01869158878504673,418,414,366,-0.1159420289855072,10667,8573,9201,0.07325323690656704,11230,9094,9672,0.06355839014734999
,,,,,,,,,,,,,,,,
,,,,,,,,,,,,,,,,
,,,,,,,,,,,,,,,,
,,,,,,,,,,,,,,,,
,,,,,,,,,,,,,,,,
,,,,,,,,,,,,,,,,
,,,,,,,,,,,,,,,,
,,,,,,,,,,,,,,,,
,,,,,,,,,,,,,,,,
,,,,,,,,,,,,,,,,
,,,,,,,,,,,,,,,,
,,,,,,,,,,,,,,,,
,,,,,,,,,,,,,,,,
,,,,,,,,,,,,,,,,
,,,,,,,,,,,,,,,,
,,,,,,,,,,,,,,,,
,,,,,,,,,,,,,,,,
,,,,,,,,,,,,,,,,
,,,,,,,,,,,,,,,,
,,,,,,,,,,,,,,,,
,,,,,,,,,,,,,,,,
,,,,,,,,,,,,,,,,
,,,,,,,,,,,,,,,,
,,,,,,,,,,,,,,,,
