Quadro 6.7 Condutores vítimas em Portugal por luminosidade,,,,,,,,,,,,,,,,
,,,,,,,,,,,,,,,,
Luminosidade,VM,,,,FG,,,,FL,,,,Total de condutores vítimas,,,
,2019,2022,2023,∆(%) 23/22,2019,2022,2023,∆(%) 23/22,2019,2022,2023,∆(%) 23/22,2019,2022,2023,∆(%) 23/22
Dia,229,258,263,0.019379844961240345,916,981,1239,0.2629969418960245,20632,19923,21617,0.08502735531797412,21777,21162,23119,0.0924770815612892
Noite,154,123,140,0.1382113821138211,536,469,473,0.008528784648187626,7055,6203,6332,0.020796388844107616,7745,6795,6945,0.02207505518763786
Aurora/Crepúsculo,20,23,25,0.08695652173913038,63,88,72,-0.18181818181818177,1174,923,1074,0.1635969664138679,1257,1034,1171,0.13249516441005804
n.d.,0,0,0,-,0,0,0,-,15,0,1,-,15,0,1,-
Total,403,404,428,0.05940594059405946,1515,1538,1784,0.15994798439531865,28876,27049,29024,0.07301563828607338,30794,28991,31236,0.07743782553206158
n.d. - não definido,,,,,,,,,,,,,,,,
,,,,,,,,,,,,,,,,
,,,,,,,,,,,,,,,,
,,,,,,,,,,,,,,,,
,,,,,,,,,,,,,,,,
,,,,,,,,,,,,,,,,
,,,,,,,,,,,,,,,,
,,,,,,,,,,,,,,,,
,,,,,,,,,,,,,,,,
,,,,,,,,,,,,,,,,
,,,,,,,,,,,,,,,,
,,,,,,,,,,,,,,,,
,,,,,,,,,,,,,,,,
,,,,,,,,,,,,,,,,
,,,,,,,,,,,,,,,,
,,,,,,,,,,,,,,,,
,,,,,,,,,,,,,,,,
,,,,,,,,,,,,,,,,
,,,,,,,,,,,,,,,,
,,,,,,,,,,,,,,,,
,,,,,,,,,,,,,,,,
,,,,,,,,,,,,,,,,
,,,,,,,,,,,,,,,,
,,,,,,,,,,,,,,,,
