Quadro 6.8 Condutores vítimas em Portugal por natureza do acidente,,,,,,,,,,,,,,,,
,,,,,,,,,,,,,,,,
Natureza,VM,,,,FG,,,,FL,,,,Total de condutores vítimas,,,
,2019,2022,2023,∆(%) 23/22,2019,2022,2023,∆(%) 23/22,2019,2022,2023,∆(%) 23/22,2019,2022,2023,∆(%) 23/22
Atropelamento,2,1,0,-1,9,11,11,0,267,264,268,0.015151515151515138,278,276,279,0.010869565217391353
Colisão,202,212,210,-0.009433962264150941,809,771,938,0.2166018158236056,18293,16641,18179,0.09242233038879877,19304,17624,19327,0.09662959600544707
Despiste,199,191,218,0.1413612565445026,697,756,835,0.10449735449735442,10316,10144,10577,0.04268533123028395,11212,11091,11630,0.04859796231178426
Total,403,404,428,0.05940594059405946,1515,1538,1784,0.15994798439531865,28876,27049,29024,0.07301563828607338,30794,28991,31236,0.07743782553206158
,,,,,,,,,,,,,,,,
,,,,,,,,,,,,,,,,
,,,,,,,,,,,,,,,,
,,,,,,,,,,,,,,,,
,,,,,,,,,,,,,,,,
,,,,,,,,,,,,,,,,
,,,,,,,,,,,,,,,,
,,,,,,,,,,,,,,,,
,,,,,,,,,,,,,,,,
,,,,,,,,,,,,,,,,
,,,,,,,,,,,,,,,,
,,,,,,,,,,,,,,,,
,,,,,,,,,,,,,,,,
,,,,,,,,,,,,,,,,
,,,,,,,,,,,,,,,,
,,,,,,,,,,,,,,,,
,,,,,,,,,,,,,,,,
,,,,,,,,,,,,,,,,
,,,,,,,,,,,,,,,,
,,,,,,,,,,,,,,,,
,,,,,,,,,,,,,,,,
,,,,,,,,,,,,,,,,
,,,,,,,,,,,,,,,,
,,,,,,,,,,,,,,,,
,,,,,,,,,,,,,,,,
