Quadro 1.2 Sinistralidade em Portugal por dia da semana,,,,,,,,,,,,,,,,
,,,,,,,,,,,,,,,,
Dia da semana,AcV,,,,VM,,,,FG,,,,FL,,,
,2019,2021,2022,∆(%) 22/21,2019,2021,2022,∆(%) 22/21,2019,2021,2022,∆(%) 22/21,2019,2021,2022,∆(%) 22/21
Segunda-Feira,5279,4433,4953,0.11730205278592365,91,69,86,0.24637681159420288,255,259,258,-0.0038610038610038533,6330,5123,5766,0.1255123950810073
Terça-Feira,5388,4463,4847,0.08604077974456636,84,73,68,-0.06849315068493156,326,283,293,0.035335689045936425,6452,5195,5627,0.08315688161693946
Quarta-Feira,5333,4484,4944,0.10258697591436228,98,74,67,-0.09459459459459463,284,278,290,0.043165467625899234,6384,5176,5782,0.11707882534775882
Quinta-Feira,5593,4422,4906,0.1094527363184079,88,72,69,-0.04166666666666663,303,279,277,-0.007168458781361964,6588,5101,5664,0.1103705155851793
Sexta-Feira,5789,5006,5434,0.08549740311626053,104,94,105,0.11702127659574457,365,347,343,-0.011527377521613813,6901,5790,6306,0.08911917098445588
Sábado,5274,4113,4879,0.1862387551665452,108,89,105,0.1797752808988764,441,369,424,0.14905149051490518,6454,4888,5756,0.17757774140752858
Domingo,4595,3770,4313,0.1440318302387269,115,90,118,0.3111111111111111,409,346,417,0.2052023121387283,5825,4580,5213,0.13820960698689966
Total,37251,30691,34276,0.11680948812355418,688,561,618,0.10160427807486627,2383,2161,2302,0.06524757056918085,44934,35853,40114,0.11884640058014662
,,,,,,,,,,,,,,,,
,,,,,,,,,,,,,,,,
,,,,,,,,,,,,,,,,
,,,,,,,,,,,,,,,,
,,,,,,,,,,,,,,,,
,,,,,,,,,,,,,,,,
,,,,,,,,,,,,,,,,
,,,,,,,,,,,,,,,,
,,,,,,,,,,,,,,,,
,,,,,,,,,,,,,,,,
,,,,,,,,,,,,,,,,
,,,,,,,,,,,,,,,,
,,,,,,,,,,,,,,,,
,,,,,,,,,,,,,,,,
,,,,,,,,,,,,,,,,
,,,,,,,,,,,,,,,,
,,,,,,,,,,,,,,,,
,,,,,,,,,,,,,,,,
,,,,,,,,,,,,,,,,
,,,,,,,,,,,,,,,,
,,,,,,,,,,,,,,,,
