Quadro 1.9 Sinistralidade em Portugal por tipo de via,,,,,,,,,,,,,,,,
,,,,,,,,,,,,,,,,
Tipo de via,AcV,,,,VM,,,,FG,,,,FL,,,
,2019,2021,2022,∆(%) 22/21,2019,2021,2022,∆(%) 22/21,2019,2021,2022,∆(%) 22/21,2019,2021,2022,∆(%) 22/21
AE,2146,1555,1901,0.22250803858520896,67,44,57,0.2954545454545454,168,141,161,0.14184397163120566,3084,2093,2674,0.2775919732441472
Arruamento,24298,19450,21609,0.11100257069408737,295,210,231,0.10000000000000009,1204,1000,1086,0.08600000000000008,28157,21992,24301,0.10499272462713716
EM,1335,1132,1250,0.10424028268551244,40,43,46,0.06976744186046502,157,138,138,0,1609,1321,1405,0.06358819076457234
EN,6372,5485,6258,0.14092980856882398,180,173,180,0.040462427745664664,549,585,620,0.05982905982905984,8241,6770,7785,0.14992614475627764
ER,361,453,446,-0.015452538631346546,10,9,7,-0.2222222222222222,32,70,58,-0.17142857142857137,468,528,536,0.015151515151515138
IC,966,702,880,0.2535612535612535,31,28,40,0.4285714285714286,82,65,81,0.24615384615384617,1265,927,1157,0.2481121898597627
IP,263,193,245,0.26943005181347157,19,9,14,0.5555555555555556,26,13,23,0.7692307692307692,349,272,328,0.2058823529411764
Outras vias*,1510,1721,1687,-0.01975595583962808,46,45,43,-0.0444444444444444,165,149,135,-0.09395973154362414,1761,1950,1928,-0.011282051282051286
Total,37251,30691,34276,0.11680948812355418,688,561,618,0.10160427807486627,2383,2161,2302,0.06524757056918085,44934,35853,40114,0.11884640058014662
"*Inclui acessos, estradas florestais, pontes, variantes e não definidas",,,,,,,,,,,,,,,,
,,,,,,,,,,,,,,,,
,,,,,,,,,,,,,,,,
,,,,,,,,,,,,,,,,
,,,,,,,,,,,,,,,,
,,,,,,,,,,,,,,,,
,,,,,,,,,,,,,,,,
,,,,,,,,,,,,,,,,
,,,,,,,,,,,,,,,,
,,,,,,,,,,,,,,,,
,,,,,,,,,,,,,,,,
,,,,,,,,,,,,,,,,
,,,,,,,,,,,,,,,,
,,,,,,,,,,,,,,,,
,,,,,,,,,,,,,,,,
,,,,,,,,,,,,,,,,
,,,,,,,,,,,,,,,,
,,,,,,,,,,,,,,,,
,,,,,,,,,,,,,,,,
,,,,,,,,,,,,,,,,
