Quadro 3.1 Vítimas em Portugal por categoria de utente,,,,,,,,,,,,,,,,,,,,,,
,,,,,,,,,,,,,,,,,,,,,,
Categoria de utente,VM,,,,FG,,,,FL,,,,Total de vítimas,,,,VM/100 vítimas,,,FG/100 vítimas,,
,2019,2021,2022,∆(%) 22/21,2019,2021,2022,∆(%) 22/21,2019,2021,2022,∆(%) 22/21,2019,2021,2022,∆(%) 22/21,2019,2021,2022,2019,2021,2022
Condutor,403,378,404,0.06878306878306883,1515,1491,1538,0.0315224681421864,28876,24419,27049,0.10770301814161098,30794,26288,28991,0.10282258064516125,1.308696499318049,1.4379184418746196,1.3935359249422232,4.919789569396635,5.671789409616555,5.305094684557276
Passageiro,145,83,107,0.28915662650602414,418,364,414,0.13736263736263732,10667,7717,8573,0.11092393417131019,11230,8164,9094,0.11391474767270937,1.2911843276936776,1.0166585007349338,1.176599956014955,3.722172751558326,4.45859872611465,4.55245216626347
Peão,140,100,107,0.07000000000000006,450,306,350,0.14379084967320255,5391,3717,4492,0.20850147968792032,5981,4123,4949,0.20033955857385388,2.340745694699883,2.425418384671356,2.162052939987876,7.5238254472496235,7.421780257094349,7.072135785007072
Total,688,561,618,0.10160427807486627,2383,2161,2302,0.06524757056918085,44934,35853,40114,0.11884640058014662,48005,38575,43034,0.11559300064808808,1.4331840433288199,1.4543097861309138,1.4360738021099597,4.964066243099677,5.602073882047958,5.349258725658782
,,,,,,,,,,,,,,,,,,,,,,
,,,,,,,,,,,,,,,,,,,,,,
,,,,,,,,,,,,,,,,,,,,,,
,,,,,,,,,,,,,,,,,,,,,,
,,,,,,,,,,,,,,,,,,,,,,
,,,,,,,,,,,,,,,,,,,,,,
,,,,,,,,,,,,,,,,,,,,,,
,,,,,,,,,,,,,,,,,,,,,,
,,,,,,,,,,,,,,,,,,,,,,
,,,,,,,,,,,,,,,,,,,,,,
,,,,,,,,,,,,,,,,,,,,,,
,,,,,,,,,,,,,,,,,,,,,,
,,,,,,,,,,,,,,,,,,,,,,
,,,,,,,,,,,,,,,,,,,,,,
,,,,,,,,,,,,,,,,,,,,,,
,,,,,,,,,,,,,,,,,,,,,,
,,,,,,,,,,,,,,,,,,,,,,
,,,,,,,,,,,,,,,,,,,,,,
,,,,,,,,,,,,,,,,,,,,,,
,,,,,,,,,,,,,,,,,,,,,,
,,,,,,,,,,,,,,,,,,,,,,
,,,,,,,,,,,,,,,,,,,,,,
,,,,,,,,,,,,,,,,,,,,,,
,,,,,,,,,,,,,,,,,,,,,,
,,,,,,,,,,,,,,,,,,,,,,
