Quadro 3.4 Vítimas em Portugal por sexo,,,,,,,,,,,,,,,,
,,,,,,,,,,,,,,,,
Sexo,VM,,,,FG,,,,FL,,,,Total de vítimas,,,
,2019,2021,2022,∆(%) 22/21,2019,2021,2022,∆(%) 22/21,2019,2021,2022,∆(%) 22/21,2019,2021,2022,∆(%) 22/21
Masculino,505,442,500,0.13122171945701355,1775,1662,1684,0.013237063778579916,25642,21967,23907,0.08831428961624255,27922,24071,26091,0.0839184080428732
Feminino,182,119,118,-0.008403361344537785,604,499,618,0.23847695390781554,19276,13881,16206,0.16749513723795117,20062,14499,16942,0.16849437892268426
n.d.,1,0,0,-,4,0,0,-,16,5,1,-0.8,21,5,1,-0.8
Total,688,561,618,0.10160427807486627,2383,2161,2302,0.06524757056918085,44934,35853,40114,0.11884640058014662,48005,38575,43034,0.11559300064808808
,,,,,,,,,,,,,,,,
,,,,,,,,,,,,,,,,
,,,,,,,,,,,,,,,,
,,,,,,,,,,,,,,,,
,,,,,,,,,,,,,,,,
,,,,,,,,,,,,,,,,
,,,,,,,,,,,,,,,,
,,,,,,,,,,,,,,,,
,,,,,,,,,,,,,,,,
,,,,,,,,,,,,,,,,
,,,,,,,,,,,,,,,,
,,,,,,,,,,,,,,,,
,,,,,,,,,,,,,,,,
,,,,,,,,,,,,,,,,
,,,,,,,,,,,,,,,,
,,,,,,,,,,,,,,,,
,,,,,,,,,,,,,,,,
,,,,,,,,,,,,,,,,
,,,,,,,,,,,,,,,,
,,,,,,,,,,,,,,,,
,,,,,,,,,,,,,,,,
,,,,,,,,,,,,,,,,
,,,,,,,,,,,,,,,,
,,,,,,,,,,,,,,,,
,,,,,,,,,,,,,,,,
