Quadro 4.1 Peões vítimas em Portugal por regiões NUTS I,,,,,,,,,,,,,,,,
,,,,,,,,,,,,,,,,
Regiões,VM,,,,FG,,,,FL,,,,Total de peões vítimas,,,
,2019,2021,2022,∆(%) 22/21,2019,2021,2022,∆(%) 22/21,2019,2021,2022,∆(%) 22/21,2019,2021,2022,∆(%) 22/21
Continente,134,93,105,0.12903225806451624,409,287,323,0.1254355400696865,5180,3559,4316,0.21270019668446194,5723,3939,4744,0.20436659050520434
RA Açores,5,4,1,-0.75,24,12,15,0.25,77,62,72,0.16129032258064524,106,78,88,0.1282051282051282
RA Madeira,1,3,1,-0.6666666666666667,17,7,12,0.7142857142857142,134,96,104,0.08333333333333326,152,106,117,0.10377358490566047
Total,140,100,107,0.07000000000000006,450,306,350,0.14379084967320255,5391,3717,4492,0.20850147968792032,5981,4123,4949,0.20033955857385388
,,,,,,,,,,,,,,,,
,,,,,,,,,,,,,,,,
,,,,,,,,,,,,,,,,
,,,,,,,,,,,,,,,,
,,,,,,,,,,,,,,,,
,,,,,,,,,,,,,,,,
,,,,,,,,,,,,,,,,
,,,,,,,,,,,,,,,,
,,,,,,,,,,,,,,,,
,,,,,,,,,,,,,,,,
,,,,,,,,,,,,,,,,
,,,,,,,,,,,,,,,,
,,,,,,,,,,,,,,,,
,,,,,,,,,,,,,,,,
,,,,,,,,,,,,,,,,
,,,,,,,,,,,,,,,,
,,,,,,,,,,,,,,,,
,,,,,,,,,,,,,,,,
,,,,,,,,,,,,,,,,
,,,,,,,,,,,,,,,,
,,,,,,,,,,,,,,,,
,,,,,,,,,,,,,,,,
,,,,,,,,,,,,,,,,
,,,,,,,,,,,,,,,,
,,,,,,,,,,,,,,,,
