Quadro 4.6 Peões vítimas em Portugal por fatores atmosféricos,,,,,,,,,,,,,,,,
,,,,,,,,,,,,,,,,
Fatores atmosféricos,VM,,,,FG,,,,FL,,,,Total de peões vítimas,,,
,2019,2021,2022,∆(%) 22/21,2019,2021,2022,∆(%) 22/21,2019,2021,2022,∆(%) 22/21,2019,2021,2022,∆(%) 22/21
Bom tempo,126,92,87,-0.05434782608695654,372,277,293,0.05776173285198549,4424,3306,3766,0.13914095583787045,4922,3675,4146,0.12816326530612243
Chuva,13,8,18,1.25,75,28,57,1.0357142857142856,928,382,703,0.8403141361256545,1016,418,778,0.861244019138756
Nevoeiro,0,0,2,-,1,1,0,-1,18,14,7,-0.5,19,15,9,-0.4
Vento Forte,1,0,0,-,1,0,0,-,7,2,2,0,9,2,2,0
Neve,0,0,0,-,0,0,0,-,1,0,0,-,1,0,0,-
Fumo,0,0,0,-,1,0,0,-,0,0,0,-,1,0,0,-
n.d.,0,0,0,-,0,0,0,-,13,13,14,0.07692307692307687,13,13,14,0.07692307692307687
Total,140,100,107,0.07000000000000006,450,306,350,0.14379084967320255,5391,3717,4492,0.20850147968792032,5981,4123,4949,0.20033955857385388
,,,,,,,,,,,,,,,,
,,,,,,,,,,,,,,,,
,,,,,,,,,,,,,,,,
,,,,,,,,,,,,,,,,
,,,,,,,,,,,,,,,,
,,,,,,,,,,,,,,,,
,,,,,,,,,,,,,,,,
,,,,,,,,,,,,,,,,
,,,,,,,,,,,,,,,,
,,,,,,,,,,,,,,,,
,,,,,,,,,,,,,,,,
,,,,,,,,,,,,,,,,
,,,,,,,,,,,,,,,,
,,,,,,,,,,,,,,,,
,,,,,,,,,,,,,,,,
,,,,,,,,,,,,,,,,
,,,,,,,,,,,,,,,,
,,,,,,,,,,,,,,,,
,,,,,,,,,,,,,,,,
,,,,,,,,,,,,,,,,
,,,,,,,,,,,,,,,,
