Quadro 4.7 Peões vítimas em Portugal segundo a luminosidade,,,,,,,,,,,,,,,,
,,,,,,,,,,,,,,,,
Luminosidade,VM,,,,FG,,,,FL,,,,Total de peões vítimas,,,
,2019,2021,2022,∆(%) 22/21,2019,2021,2022,∆(%) 22/21,2019,2021,2022,∆(%) 22/21,2019,2021,2022,∆(%) 22/21
Dia,76,62,55,-0.11290322580645162,276,210,227,0.08095238095238089,3800,2858,3262,0.1413575927221833,4152,3130,3544,0.13226837060702867
Noite,60,32,45,0.40625,146,87,109,0.2528735632183907,1372,731,1075,0.47058823529411775,1578,850,1229,0.4458823529411764
Aurora/Crepúsculo,4,6,7,0.16666666666666674,28,9,14,0.5555555555555556,214,125,155,0.24,246,140,176,0.2571428571428571
n.d.,0,0,0,-,0,0,0,-,5,3,0,-1,5,3,0,-1
Total,140,100,107,0.07000000000000006,450,306,350,0.14379084967320255,5391,3717,4492,0.20850147968792032,5981,4123,4949,0.20033955857385388
,,,,,,,,,,,,,,,,
,,,,,,,,,,,,,,,,
,,,,,,,,,,,,,,,,
,,,,,,,,,,,,,,,,
,,,,,,,,,,,,,,,,
,,,,,,,,,,,,,,,,
,,,,,,,,,,,,,,,,
,,,,,,,,,,,,,,,,
,,,,,,,,,,,,,,,,
,,,,,,,,,,,,,,,,
,,,,,,,,,,,,,,,,
,,,,,,,,,,,,,,,,
,,,,,,,,,,,,,,,,
,,,,,,,,,,,,,,,,
,,,,,,,,,,,,,,,,
,,,,,,,,,,,,,,,,
,,,,,,,,,,,,,,,,
,,,,,,,,,,,,,,,,
,,,,,,,,,,,,,,,,
,,,,,,,,,,,,,,,,
,,,,,,,,,,,,,,,,
,,,,,,,,,,,,,,,,
,,,,,,,,,,,,,,,,
,,,,,,,,,,,,,,,,
