"Quadro 5.1 Passageiros vítimas em Portugal, por NUTS I",,,,,,,,,,,,,,,,
,,,,,,,,,,,,,,,,
NUTS I,VM,,,,FG,,,,FL,,,,Total de passageiros vítimas,,,
,2019,2021,2022,∆(%) 22/21,2019,2021,2022,∆(%) 22/21,2019,2021,2022,∆(%) 22/21,2019,2021,2022,∆(%) 22/21
Continente,109,81,105,0.2962962962962963,368,326,384,0.17791411042944794,10249,7331,8178,0.11553676169690363,10726,7738,8667,0.12005686223830447
RA Açores,6,1,0,-1,23,25,23,-0.07999999999999996,180,171,183,0.07017543859649122,209,197,206,0.045685279187817285
RA Madeira,30,1,2,1,27,13,7,-0.46153846153846156,238,215,212,-0.013953488372092981,295,229,221,-0.03493449781659386
Total,145,83,107,0.28915662650602414,418,364,414,0.13736263736263732,10667,7717,8573,0.11092393417131019,11230,8164,9094,0.11391474767270937
,,,,,,,,,,,,,,,,
,,,,,,,,,,,,,,,,
,,,,,,,,,,,,,,,,
,,,,,,,,,,,,,,,,
,,,,,,,,,,,,,,,,
,,,,,,,,,,,,,,,,
,,,,,,,,,,,,,,,,
,,,,,,,,,,,,,,,,
,,,,,,,,,,,,,,,,
,,,,,,,,,,,,,,,,
,,,,,,,,,,,,,,,,
,,,,,,,,,,,,,,,,
,,,,,,,,,,,,,,,,
,,,,,,,,,,,,,,,,
,,,,,,,,,,,,,,,,
,,,,,,,,,,,,,,,,
,,,,,,,,,,,,,,,,
,,,,,,,,,,,,,,,,
,,,,,,,,,,,,,,,,
,,,,,,,,,,,,,,,,
,,,,,,,,,,,,,,,,
,,,,,,,,,,,,,,,,
,,,,,,,,,,,,,,,,
,,,,,,,,,,,,,,,,
,,,,,,,,,,,,,,,,
