Quadro 5.13 Passageiros vítimas em Portugal por acesssório de segurança,,,,,,,,,,,,,,,,
,,,,,,,,,,,,,,,,
Acessório de segurança,VM,,,,FG,,,,FL,,,,Total de passageiros vítimas,,,
,2019,2021,2022,∆(%) 22/21,2019,2021,2022,∆(%) 22/21,2019,2021,2022,∆(%) 22/21,2019,2021,2022,∆(%) 22/21
C/ capacete/ cinto segurança,87,60,79,0.31666666666666665,323,290,343,0.1827586206896552,8872,6492,7081,0.09072704867529269,9282,6842,7503,0.09660917860274765
C/ sistema retenção de crianças,3,2,4,1,23,14,20,0.4285714285714286,1009,678,814,0.20058997050147487,1035,694,838,0.20749279538904908
S/ sistema retenção de crianças,3,4,2,-0.5,4,7,6,-0.1428571428571429,70,51,67,0.3137254901960784,77,62,75,0.20967741935483875
S/ uso capacete/cinto segurança,22,17,22,0.2941176470588236,53,53,43,-0.18867924528301883,636,482,582,0.20746887966804972,711,552,647,0.1721014492753623
n.d.,30,0,0,-,15,0,2,-,80,14,29,1.0714285714285716,125,14,31,1.2142857142857144
Total,145,83,107,0.28915662650602414,418,364,414,0.13736263736263732,10667,7717,8573,0.11092393417131019,11230,8164,9094,0.11391474767270937
,,,,,,,,,,,,,,,,
,,,,,,,,,,,,,,,,
,,,,,,,,,,,,,,,,
,,,,,,,,,,,,,,,,
,,,,,,,,,,,,,,,,
,,,,,,,,,,,,,,,,
,,,,,,,,,,,,,,,,
,,,,,,,,,,,,,,,,
,,,,,,,,,,,,,,,,
,,,,,,,,,,,,,,,,
,,,,,,,,,,,,,,,,
,,,,,,,,,,,,,,,,
,,,,,,,,,,,,,,,,
,,,,,,,,,,,,,,,,
,,,,,,,,,,,,,,,,
,,,,,,,,,,,,,,,,
,,,,,,,,,,,,,,,,
,,,,,,,,,,,,,,,,
,,,,,,,,,,,,,,,,
,,,,,,,,,,,,,,,,
,,,,,,,,,,,,,,,,
,,,,,,,,,,,,,,,,
,,,,,,,,,,,,,,,,
