Quadro 5.3 Passageiros vítimas em Portugal por mês,,,,,,,,,,,,,,,,
,,,,,,,,,,,,,,,,
Mês,VM,,,,FG,,,,FL,,,,Total de passageiros vítimas,,,
,2019,2021,2022,∆(%) 22/21,2019,2021,2022,∆(%) 22/21,2019,2021,2022,∆(%) 22/21,2019,2021,2022,∆(%) 22/21
Jan,11,6,14,1.3333333333333335,20,19,40,1.1052631578947367,804,329,504,0.5319148936170213,835,354,558,0.576271186440678
Fev,6,1,7,6,20,11,22,1,637,203,543,1.6748768472906406,663,215,572,1.6604651162790698
Mar,5,2,10,4,33,22,33,0.5,866,378,594,0.5714285714285714,904,402,637,0.5845771144278606
Abr,35,2,3,0.5,39,24,31,0.29166666666666674,859,484,681,0.4070247933884297,933,510,715,0.4019607843137254
Mai,12,5,11,1.2000000000000002,31,26,53,1.0384615384615383,830,706,714,0.011331444759206777,873,737,778,0.05563093622795123
Jun,7,7,7,0,39,42,33,-0.2142857142857143,877,719,732,0.018080667593880495,923,768,772,0.005208333333333259
Jul,10,14,9,-0.3571428571428571,43,26,39,0.5,962,858,873,0.0174825174825175,1015,898,921,0.025612472160356337
Ago,16,12,14,0.16666666666666674,70,33,52,0.5757575757575757,1212,1016,1106,0.0885826771653544,1298,1061,1172,0.10461828463713485
Set,18,13,8,-0.3846153846153846,41,40,39,-0.025000000000000022,982,742,779,0.049865229110512166,1041,795,826,0.03899371069182389
Out,14,11,9,-0.18181818181818177,25,49,24,-0.5102040816326531,859,850,711,-0.16352941176470592,898,910,744,-0.18241758241758244
Nov,7,6,7,0.16666666666666674,25,36,21,-0.41666666666666663,898,694,665,-0.0417867435158501,930,736,693,-0.05842391304347827
Dez,4,4,8,1,32,36,27,-0.25,881,738,671,-0.09078590785907859,917,778,706,-0.09254498714652959
Total,145,83,107,0.28915662650602414,418,364,414,0.13736263736263732,10667,7717,8573,0.11092393417131019,11230,8164,9094,0.11391474767270937
,,,,,,,,,,,,,,,,
,,,,,,,,,,,,,,,,
,,,,,,,,,,,,,,,,
,,,,,,,,,,,,,,,,
,,,,,,,,,,,,,,,,
,,,,,,,,,,,,,,,,
,,,,,,,,,,,,,,,,
,,,,,,,,,,,,,,,,
,,,,,,,,,,,,,,,,
,,,,,,,,,,,,,,,,
,,,,,,,,,,,,,,,,
,,,,,,,,,,,,,,,,
,,,,,,,,,,,,,,,,
,,,,,,,,,,,,,,,,
,,,,,,,,,,,,,,,,
,,,,,,,,,,,,,,,,
