Quadro 5.6 Passageiros vítimas em Portugal por fatores atmosféricos,,,,,,,,,,,,,,,,
,,,,,,,,,,,,,,,,
Fatores atmosféricos,VM,,,,FG,,,,FL,,,,Total de passageiros vítimas,,,
,2019,2021,2022,∆(%) 22/21,2019,2021,2022,∆(%) 22/21,2019,2021,2022,∆(%) 22/21,2019,2021,2022,∆(%) 22/21
Bom tempo,124,67,93,0.3880597014925373,344,306,364,0.1895424836601307,8376,6434,7068,0.09853901150139888,8844,6807,7525,0.10547965329807552
Chuva,17,16,13,-0.1875,64,55,45,-0.18181818181818177,2149,1195,1422,0.18995815899581592,2230,1266,1480,0.1690363349131121
Nevoeiro,1,0,0,-,8,2,4,1,88,59,60,0.016949152542372836,97,61,64,0.049180327868852514
Granizo,1,0,0,-,0,0,0,-,27,7,5,-0.2857142857142857,28,7,5,-0.2857142857142857
Fumo,2,0,1,-,2,0,0,-,2,0,3,-,6,0,4,-
Vento,0,0,0,-,0,1,1,0,6,8,4,-0.5,6,9,5,-0.4444444444444444
Neve,0,0,0,-,0,0,0,-,6,6,2,-0.6666666666666667,6,6,2,-0.6666666666666667
n.d.,0,0,0,-,0,0,0,-,13,8,9,0.125,13,8,9,0.125
Total,145,83,107,0.28915662650602414,418,364,414,0.13736263736263732,10667,7717,8573,0.11092393417131019,11230,8164,9094,0.11391474767270937
,,,,,,,,,,,,,,,,
,,,,,,,,,,,,,,,,
,,,,,,,,,,,,,,,,
,,,,,,,,,,,,,,,,
,,,,,,,,,,,,,,,,
,,,,,,,,,,,,,,,,
,,,,,,,,,,,,,,,,
,,,,,,,,,,,,,,,,
,,,,,,,,,,,,,,,,
,,,,,,,,,,,,,,,,
,,,,,,,,,,,,,,,,
,,,,,,,,,,,,,,,,
,,,,,,,,,,,,,,,,
,,,,,,,,,,,,,,,,
,,,,,,,,,,,,,,,,
,,,,,,,,,,,,,,,,
,,,,,,,,,,,,,,,,
,,,,,,,,,,,,,,,,
,,,,,,,,,,,,,,,,
,,,,,,,,,,,,,,,,
