Quadro 6.1 Condutores vítimas em Portugal por região NUTS I,,,,,,,,,,,,,,,,
,,,,,,,,,,,,,,,,
NUTS I,VM,,,,FG,,,,FL,,,,Total de condutores vítimas,,,
,2019,2021,2022,∆(%) 22/21,2019,2021,2022,∆(%) 22/21,2019,2021,2022,∆(%) 22/21,2019,2021,2022,∆(%) 22/21
Continente,383,358,381,0.06424581005586583,1391,1374,1417,0.03129548762736545,27754,23304,25952,0.11362856162032275,29528,25036,27750,0.1084038983863238
RA Açores,10,8,10,0.25,65,60,53,-0.1166666666666667,693,667,669,0.0029985007496251548,768,735,732,-0.004081632653061273
RA Madeira,10,12,13,0.08333333333333326,59,57,68,0.1929824561403508,429,448,428,-0.044642857142857095,498,517,509,-0.015473887814313358
Total,403,378,404,0.06878306878306883,1515,1491,1538,0.0315224681421864,28876,24419,27049,0.10770301814161098,30794,26288,28991,0.10282258064516125
,,,,,,,,,,,,,,,,
,,,,,,,,,,,,,,,,
,,,,,,,,,,,,,,,,
,,,,,,,,,,,,,,,,
,,,,,,,,,,,,,,,,
,,,,,,,,,,,,,,,,
,,,,,,,,,,,,,,,,
,,,,,,,,,,,,,,,,
,,,,,,,,,,,,,,,,
,,,,,,,,,,,,,,,,
,,,,,,,,,,,,,,,,
,,,,,,,,,,,,,,,,
,,,,,,,,,,,,,,,,
,,,,,,,,,,,,,,,,
,,,,,,,,,,,,,,,,
,,,,,,,,,,,,,,,,
,,,,,,,,,,,,,,,,
,,,,,,,,,,,,,,,,
,,,,,,,,,,,,,,,,
,,,,,,,,,,,,,,,,
,,,,,,,,,,,,,,,,
,,,,,,,,,,,,,,,,
,,,,,,,,,,,,,,,,
,,,,,,,,,,,,,,,,
,,,,,,,,,,,,,,,,
