Quadro 6.16 Condutores vítimas em Portugal por acessórios de segurança,,,,,,,,,,,,,,,,
,,,,,,,,,,,,,,,,
Acessório de segurança,VM,,,,FG,,,,FL,,,,Total de condutores vítimas,,,
,2019,2021,2022,∆(%) 22/21,2019,2021,2022,∆(%) 22/21,2019,2021,2022,∆(%) 22/21,2019,2021,2022,∆(%) 22/21
Com capacete,152,139,170,0.2230215827338129,692,675,663,-0.01777777777777778,8787,7941,8838,0.11295806573479417,9631,8755,9671,0.10462592804111925
Com cinto de segurança,176,162,165,0.0185185185185186,641,602,669,0.11129568106312293,17663,13735,15331,0.1161994903531125,18480,14499,16165,0.11490447617077049
Isento,40,47,39,-0.17021276595744683,132,153,156,0.019607843137254832,1972,2285,2322,0.01619256017505477,2144,2485,2517,0.012877263581488885
Sem uso de cinto/capacete,33,29,27,-0.06896551724137934,39,36,37,0.02777777777777768,178,204,230,0.12745098039215685,250,269,294,0.09293680297397766
n.d.,2,1,3,2,11,25,13,-0.48,276,254,328,0.2913385826771653,289,280,344,0.22857142857142865
Total,403,378,404,0.06878306878306883,1515,1491,1538,0.0315224681421864,28876,24419,27049,0.10770301814161098,30794,26288,28991,0.10282258064516125
,,,,,,,,,,,,,,,,
,,,,,,,,,,,,,,,,
,,,,,,,,,,,,,,,,
,,,,,,,,,,,,,,,,
,,,,,,,,,,,,,,,,
,,,,,,,,,,,,,,,,
,,,,,,,,,,,,,,,,
,,,,,,,,,,,,,,,,
,,,,,,,,,,,,,,,,
,,,,,,,,,,,,,,,,
,,,,,,,,,,,,,,,,
,,,,,,,,,,,,,,,,
,,,,,,,,,,,,,,,,
,,,,,,,,,,,,,,,,
,,,,,,,,,,,,,,,,
,,,,,,,,,,,,,,,,
,,,,,,,,,,,,,,,,
,,,,,,,,,,,,,,,,
,,,,,,,,,,,,,,,,
,,,,,,,,,,,,,,,,
,,,,,,,,,,,,,,,,
,,,,,,,,,,,,,,,,
,,,,,,,,,,,,,,,,
