Quadro 1.2  Sinistralidade em Portugal por dia da semana,,,,,,,,,,,,
,,,,,,,,,,,,
,,,,,,,,,,,,
Dia da semana,AcV,,,VM,,,FG,,,FL,,
,2019,2020,"∆(%) 
20/19",2019,2020,"∆(%) 
20/19",2019,2020,"∆(%) 
20/19",2019,2020,"∆(%) 
20/19"
2ª feira,5279,3966,-0.24872134874029173,91,84,-0.07692307692307687,255,240,-0.05882352941176472,6330,4563,-0.27914691943127967
3ª feira,5388,3829,-0.2893466963622866,84,67,-0.20238095238095233,326,246,-0.245398773006135,6452,4359,-0.3243955362678239
4ª feira,5333,3959,-0.2576411025689106,98,69,-0.29591836734693877,284,247,-0.13028169014084512,6384,4531,-0.2902568922305765
5ª feira,5593,4095,-0.2678347934918648,88,80,-0.09090909090909094,303,220,-0.2739273927392739,6588,4684,-0.2890103217972071
6ª feira,5789,4482,-0.2257730177923648,104,85,-0.1826923076923077,365,294,-0.19452054794520546,6901,5135,-0.25590494131285324
Sábado,5274,3920,-0.2567311338642396,108,81,-0.25,441,326,-0.26077097505668934,6454,4628,-0.28292531763247597
Domingo,4595,3474,-0.2439608269858542,115,70,-0.3913043478260869,409,304,-0.2567237163814181,5825,4158,-0.2861802575107296
Total,37251,27725,-0.25572467853212,688,536,-0.22093023255813948,2383,1877,-0.2123373898447335,44934,32058,-0.28655361196421414
