Quadro 1.5  Sinistralidade em Portugal por condições de luminosidade,,,,,,,,,,,,
,,,,,,,,,,,,
,,,,,,,,,,,,
Luminosidade,AcV,,,VM,,,FG,,,FL,,
,2019,2020,"∆(%) 
20/19",2019,2020,"∆(%) 
20/19",2019,2020,"∆(%) 
20/19",2019,2020,"∆(%) 
20/19"
Dia,26208,19706,-0.2480921855921856,406,328,-0.1921182266009852,1434,1176,-0.17991631799163177,31690,22737,-0.2825181445250867
Noite,9463,6904,-0.2704216421853535,256,183,-0.28515625,843,609,-0.2775800711743772,11350,8056,-0.2902202643171806
Aurora/Crepúsculo,1559,1110,-0.28800513149454776,26,25,-0.038461538461538436,105,92,-0.12380952380952381,1867,1259,-0.32565613283342265
n.d.,21,5,-0.7619047619047619,0,0,-,1,0,-1,27,6,-0.7777777777777778
Total,37251,27725,-0.25572467853212,688,536,-0.22093023255813948,2383,1877,-0.2123373898447335,44934,32058,-0.28655361196421414
