Quadro 1.6  Sinistralidade em Portugal por natureza do acidente,,,,,,,,,,,,
,,,,,,,,,,,,
,,,,,,,,,,,,
Natureza,AcV,,,VM,,,FG,,,FL,,
,2019,2020,"∆(%) 
20/19",2019,2020,"∆(%) 
20/19",2019,2020,"∆(%) 
20/19",2019,2020,"∆(%) 
20/19"
Atropelamento,5565,3676,-0.3394429469901168,134,95,-0.29104477611940294,427,292,-0.3161592505854801,5513,3570,-0.3524396880101578
Colisão,19518,14118,-0.2766676913618199,265,210,-0.2075471698113207,1012,813,-0.19664031620553357,25880,17827,-0.31116692426584236
Despiste,12168,9931,-0.18384286653517423,289,231,-0.20069204152249132,944,772,-0.18220338983050843,13541,10661,-0.2126873938409276
Total,37251,27725,-0.25572467853212,688,536,-0.221,2383,1877,-0.2123373898447335,44934,32058,-0.28655361196421414
