Quadro 1.8  Sinistralidade em Portugal por localização do acidente,,,,,,,,,,,,
,,,,,,,,,,,,
,,,,,,,,,,,,
Localização,AcV,,,VM,,,FG,,,FL,,
,2019,2020,"∆(%) 
20/19",2019,2020,"∆(%) 
20/19",2019,2020,"∆(%) 
20/19",2019,2020,"∆(%) 
20/19"
Dentro das localidades,29438,22151,-0.24753719682043618,394,305,-0.2258883248730964,1559,1221,-0.21680564464400254,34669,25210,-0.2728374051746517
Fora das localidades,7813,5574,-0.2865736592858057,294,231,-0.2142857142857143,824,656,-0.2038834951456311,10265,6848,-0.33287871407696057
Total,37251,27725,-0.25572467853212,688,536,-0.22093023255813948,2383,1877,-0.2123373898447335,44934,32058,-0.28655361196421414
