Quadro 3.4 Vítimas em Portugal por sexo,,,,,,,,,,,,
,,,,,,,,,,,,
,,,,,,,,,,,,
Sexo,VM,,,FG,,,FL,,,Total de vítimas,,
,2019,2020,∆(%),2019,2020,∆(%),2019,2020,∆(%),2019,2020,∆(%)
,,,20/19,,,20/19,,,20/19,,,20/19
Masculino,505,437,-0.13465346534653466,1775,1445,-0.18591549295774645,25642,19975,-0.2210046018251306,27922,21857,-0.21721223408065327
Feminino,182,99,-0.4560439560439561,604,432,-0.2847682119205298,19276,12076,-0.37352147748495534,20062,12607,-0.3715980460572226
n.d.,1,0,-1,4,0,-1,16,7,-0.5625,21,7,-0.6666666666666667
Total,688,536,-0.22093023255813948,2383,1877,-0.2123373898447335,44934,32058,-0.28655361196421414,48005,34471,-0.2819289657327362
,,,,,,,,,,,,
