Quadro 4.8  Peões vítimas em Portugal segundo a localização,,,,,,,,,,,,
,,,,,,,,,,,,
,,,,,,,,,,,,
Localização,VM,,,FG,,,FL,,,Total de peões vítimas,,
,2019,2020,∆(%),2019,2020,∆(%),2019,2020,∆(%),2019,2020,∆(%)
,,,20/19,,,20/19,,,20/19,,,20/19
Dentro das localidades,115,82,-0.28695652173913044,408,270,-0.3382352941176471,5290,3408,-0.355765595463138,5813,3760,-0.3531739205229658
Fora das localidades,25,19,-0.24,42,21,-0.5,101,76,-0.24752475247524752,168,116,-0.30952380952380953
Total,140,101,-0.2785714285714286,450,291,-0.3533333333333334,5391,3484,-0.35373771099981455,5981,3876,-0.3519478348102324
,,,,,,,,,,,,
