Quadro 5.14 Passageiros vítimas em Portugal por sexo,,,,,,,,,,,,
,,,,,,,,,,,,
,,,,,,,,,,,,
Sexo,VM,,,FG,,,FL,,,Total de passageiros vítimas,,
,2019,2020,∆(%),2019,2020,∆(%),2019,2020,∆(%),2019,2020,∆(%)
,,,20/19,,,20/19,,,20/19,,,20/19
Masculino,57,49,-0.14035087719298245,199,150,-0.24623115577889443,3732,2700,-0.2765273311897106,3988,2899,-0.27306920762286857
Feminino,88,29,-0.6704545454545454,219,161,-0.2648401826484018,6934,3936,-0.432362272858379,7241,4126,-0.43018920038668695
n.d.,0,0,-,0,0,-,1,0,-1,1,0,-1
Total,145,78,-0.4620689655172414,418,311,-0.2559808612440191,10667,6636,-0.37789444079872503,11230,7025,-0.3744434550311665
,,,,,,,,,,,,
