Quadro 5.9 Passageiros vítimas em Portugal por localização,,,,,,,,,,,,
,,,,,,,,,,,,
,,,,,,,,,,,,
Localização,VM,,,FG,,,FL,,,Total de passageiros vítimas,,
,2019,2020,∆(%),2019,2020,∆(%),2019,2020,∆(%),2019,2020,∆(%)
,,,20/19,,,20/19,,,20/19,,,20/19
Dentro das localidades,77,37,-0.5194805194805194,184,144,-0.21739130434782605,7326,4630,-0.368004368004368,7587,4811,-0.3658890206932911
Fora das localidades,68,41,-0.3970588235294118,234,167,-0.2863247863247863,3341,2006,-0.39958096378329844,3643,2214,-0.3922591270930552
Total,145,78,-0.4620689655172414,418,311,-0.2559808612440191,10667,6636,-0.37789444079872503,11230,7025,-0.3744434550311665
,,,,,,,,,,,,
