Quadro 6.15 Condutores vítimas em Portugal por sexo,,,,,,,,,,,,
,,,,,,,,,,,,
,,,,,,,,,,,,
Sexo,VM,,,FG,,,FL,,,Total de condutores vítimas,,
,2019,2020,∆(%),2019,2020,∆(%),2019,2020,∆(%),2019,2020,∆(%)
,,,20/19,,,20/19,,,20/19,,,20/19
Masculino,365,326,-0.10684931506849316,1329,1121,-0.1565086531226486,19582,15696,-0.19844755387600854,21276,17143,-0.194256439180297
Feminino,37,31,-0.16216216216216217,182,154,-0.15384615384615385,9279,6235,-0.3280525918741244,9498,6420,-0.3240682248894504
n.d.,1,0,-1,4,0,-1,15,7,-0.5333333333333333,20,7,-0.65
Total,403,357,-0.11414392059553347,1515,1275,-0.15841584158415845,28876,21938,-0.24026873528189496,30794,23570,-0.23459115412093268
