Quadro 3.1 Vítimas em Portugal por categoria de utente,,,,,,,,,,,,,,,,,,,,,,
,,,,,,,,,,,,,,,,,,,,,,
Categoria de utente,VM,,,,FG,,,,FL,,,,Total de vítimas,,,,VM/100 vítimas,,,FG/100 vítimas,,
,2019,2020,2021,∆(%)  21/20,2019,2020,2021,∆(%)  21/20,2019,2020,2021,∆(%)  21/20,2019,2020,2021,∆(%)  21/20,2019,2020,2021,2019,2020,2021
Condutor,403,357,378,0.05882352941176472,1515,1275,1491,0.16941176470588237,28876,21938,24419,0.11309143951135026,30794,23570,26288,0.11531607976240976,1.308696499318049,1.5146372507424692,1.4379184418746196,4.919789569396635,5.409418752651676,5.671789409616555
Passageiro,145,78,83,0.0641025641025641,418,311,364,0.17041800643086824,10667,6636,7717,0.16289933694996983,11230,7025,8164,0.16213523131672591,1.2911843276936776,1.1103202846975089,1.0166585007349338,3.722172751558326,4.427046263345196,4.45859872611465
Peão,140,101,100,-0.00990099009900991,450,291,306,0.05154639175257736,5391,3484,3717,0.06687715269804828,5981,3876,4123,0.06372549019607843,2.340745694699883,2.60577915376677,2.425418384671356,7.5238254472496235,7.507739938080496,7.421780257094349
Total,688,536,561,0.04664179104477606,2383,1877,2161,0.1513052743740011,44934,32058,35853,0.11837918772225331,48005,34471,38575,0.11905659830002024,1.4331840433288199,1.5549302312088422,1.4543097861309138,4.964066243099677,5.445156798468278,5.602073882047958
,,,,,,,,,,,,,,,,,,,,,,
,,,,,,,,,,,,,,,,,,,,,,
,,,,,,,,,,,,,,,,,,,,,,
,,,,,,,,,,,,,,,,,,,,,,
,,,,,,,,,,,,,,,,,,,,,,
,,,,,,,,,,,,,,,,,,,,,,
,,,,,,,,,,,,,,,,,,,,,,
,,,,,,,,,,,,,,,,,,,,,,
,,,,,,,,,,,,,,,,,,,,,,
,,,,,,,,,,,,,,,,,,,,,,
,,,,,,,,,,,,,,,,,,,,,,
,,,,,,,,,,,,,,,,,,,,,,
,,,,,,,,,,,,,,,,,,,,,,
,,,,,,,,,,,,,,,,,,,,,,
,,,,,,,,,,,,,,,,,,,,,,
,,,,,,,,,,,,,,,,,,,,,,
,,,,,,,,,,,,,,,,,,,,,,
,,,,,,,,,,,,,,,,,,,,,,
,,,,,,,,,,,,,,,,,,,,,,
,,,,,,,,,,,,,,,,,,,,,,
,,,,,,,,,,,,,,,,,,,,,,
,,,,,,,,,,,,,,,,,,,,,,
,,,,,,,,,,,,,,,,,,,,,,
,,,,,,,,,,,,,,,,,,,,,,
,,,,,,,,,,,,,,,,,,,,,,
