Quadro 4.9  Peões vítimas em Portugal por tipo de via,,,,,,,,,,,,,,,,
,,,,,,,,,,,,,,,,
Tipo de via,VM,,,,FG,,,,FL,,,,Total de peões vítimas,,,
,2019,2020,2021,∆(%)  21/20,2019,2020,2021,∆(%)  21/20,2019,2020,2021,∆(%)  21/20,2019,2020,2021,∆(%)  21/20
AE,6,8,6,-0.25,7,3,5,0.6666666666666667,18,15,5,-0.6666666666666667,31,26,16,-0.3846153846153846
Arruamento,91,60,60,0,347,231,237,0.025974025974025983,4957,3094,3332,0.07692307692307687,5395,3385,3629,0.07208271787296905
EM,3,2,5,1.5,10,6,6,0,31,35,24,-0.3142857142857143,44,43,35,-0.18604651162790697
EN,27,24,21,-0.125,53,36,43,0.19444444444444442,255,238,202,-0.1512605042016807,335,298,266,-0.10738255033557043
ER,4,1,2,1,4,0,3,-,18,5,17,2.4,26,6,22,2.6666666666666665
IC,7,3,3,0,8,5,5,0,8,8,11,0.375,23,16,19,0.1875
IP,0,0,0,-,0,1,0,-1,0,0,1,-,0,1,1,0
Outras vias,2,3,3,0,21,9,7,-0.2222222222222222,104,89,125,0.404494382022472,127,101,135,0.3366336633663367
Total,140,101,100,-0.00990099009900991,450,291,306,0.05154639175257736,5391,3484,3717,0.06687715269804828,5981,3876,4123,0.06372549019607843
,,,,,,,,,,,,,,,,
,,,,,,,,,,,,,,,,
,,,,,,,,,,,,,,,,
,,,,,,,,,,,,,,,,
,,,,,,,,,,,,,,,,
,,,,,,,,,,,,,,,,
,,,,,,,,,,,,,,,,
,,,,,,,,,,,,,,,,
,,,,,,,,,,,,,,,,
,,,,,,,,,,,,,,,,
,,,,,,,,,,,,,,,,
,,,,,,,,,,,,,,,,
,,,,,,,,,,,,,,,,
,,,,,,,,,,,,,,,,
,,,,,,,,,,,,,,,,
,,,,,,,,,,,,,,,,
,,,,,,,,,,,,,,,,
,,,,,,,,,,,,,,,,
,,,,,,,,,,,,,,,,
,,,,,,,,,,,,,,,,
