Quadro 5.10 Passageiros vítimas em Portugal por tipo de via,,,,,,,,,,,,,,,,
,,,,,,,,,,,,,,,,
Tipo de via,VM,,,,FG,,,,FL,,,,Total de passageiros vítimas,,,
,2019,2020,2021,∆(%)  21/20,2019,2020,2021,∆(%)  21/20,2019,2020,2021,∆(%)  21/20,2019,2020,2021,∆(%)  21/20
AE,23,11,11,0,67,32,40,0.25,1140,639,725,0.13458528951486692,1230,682,776,0.1378299120234605
Arruamento,61,27,18,-0.33333333333333337,136,85,121,0.42352941176470593,5624,3406,3866,0.1350557839107458,5821,3518,4005,0.1384309266628767
EM,8,1,8,7,36,28,27,-0.0357142857142857,448,280,362,0.2928571428571429,492,309,397,0.28478964401294493
EN,35,27,34,0.2592592592592593,111,111,115,0.03603603603603611,2374,1576,1781,0.1300761421319796,2520,1714,1930,0.12602100350058354
ER,3,0,0,-,6,4,20,4,140,71,146,1.056338028169014,149,75,166,1.2133333333333334
IC,6,3,4,0.33333333333333326,24,19,14,-0.26315789473684215,389,249,295,0.18473895582329325,419,271,313,0.15498154981549805
IP,5,2,3,0.5,12,11,4,-0.6363636363636364,123,80,101,0.26249999999999996,140,93,108,0.16129032258064524
Outras vias*,4,7,5,-0.2857142857142857,26,21,23,0.09523809523809534,429,335,441,0.31641791044776113,459,363,469,0.2920110192837466
Total,145,78,83,0.0641025641025641,418,311,364,0.17041800643086824,10667,6636,7717,0.16289933694996983,11230,7025,8164,0.16213523131672591
"*Inclui acessos, estradas florestais, pontes, variantes e não definidas",,,,,,,,,,,,,,,,
,,,,,,,,,,,,,,,,
,,,,,,,,,,,,,,,,
,,,,,,,,,,,,,,,,
,,,,,,,,,,,,,,,,
,,,,,,,,,,,,,,,,
,,,,,,,,,,,,,,,,
,,,,,,,,,,,,,,,,
,,,,,,,,,,,,,,,,
,,,,,,,,,,,,,,,,
,,,,,,,,,,,,,,,,
,,,,,,,,,,,,,,,,
,,,,,,,,,,,,,,,,
,,,,,,,,,,,,,,,,
,,,,,,,,,,,,,,,,
,,,,,,,,,,,,,,,,
,,,,,,,,,,,,,,,,
,,,,,,,,,,,,,,,,
,,,,,,,,,,,,,,,,
,,,,,,,,,,,,,,,,
