Quadro 5.13 Passageiros vítimas em Portugal por acesssório de segurança,,,,,,,,,,,,,,,,
,,,,,,,,,,,,,,,,
Acessório de segurança,VM,,,,FG,,,,FL,,,,Total de passageiros vítimas,,,
,2019,2020,2021,∆(%)  21/20,2019,2020,2021,∆(%)  21/20,2019,2020,2021,∆(%)  21/20,2019,2020,2021,∆(%)  21/20
C/ capacete/ cinto segurança,87,54,60,0.11111111111111116,323,270,290,0.07407407407407418,8872,5553,6492,0.1690977849810913,9282,5877,6842,0.16419942147354094
C/ sistema retenção de crianças,3,3,2,-0.33333333333333337,23,9,14,0.5555555555555556,1009,620,678,0.09354838709677415,1035,632,694,0.09810126582278489
S/ sistema retenção de crianças,3,1,4,3,4,4,7,0.75,70,44,51,0.15909090909090917,77,49,62,0.26530612244897966
S/ uso capacete/cinto segurança,22,20,17,-0.15000000000000002,53,28,53,0.8928571428571428,636,388,482,0.24226804123711343,711,436,552,0.2660550458715596
n.d.,30,0,0,-,15,0,0,-,80,31,14,-0.5483870967741935,125,31,14,-0.5483870967741935
Total,145,78,83,0.0641025641025641,418,311,364,0.17041800643086824,10667,6636,7717,0.16289933694996983,11230,7025,8164,0.16213523131672591
,,,,,,,,,,,,,,,,
,,,,,,,,,,,,,,,,
,,,,,,,,,,,,,,,,
,,,,,,,,,,,,,,,,
,,,,,,,,,,,,,,,,
,,,,,,,,,,,,,,,,
,,,,,,,,,,,,,,,,
,,,,,,,,,,,,,,,,
,,,,,,,,,,,,,,,,
,,,,,,,,,,,,,,,,
,,,,,,,,,,,,,,,,
,,,,,,,,,,,,,,,,
,,,,,,,,,,,,,,,,
,,,,,,,,,,,,,,,,
,,,,,,,,,,,,,,,,
,,,,,,,,,,,,,,,,
,,,,,,,,,,,,,,,,
,,,,,,,,,,,,,,,,
,,,,,,,,,,,,,,,,
,,,,,,,,,,,,,,,,
,,,,,,,,,,,,,,,,
,,,,,,,,,,,,,,,,
,,,,,,,,,,,,,,,,
