Quadro 5.8 Passageiros vítimas em Portugal por natureza do acidente,,,,,,,,,,,,,,,,
,,,,,,,,,,,,,,,,
Natureza,VM,,,,FG,,,,FL,,,,Total de passageiros vítimas,,,
,2019,2020,2021,∆(%)  21/20,2019,2020,2021,∆(%)  21/20,2019,2020,2021,∆(%)  21/20,2019,2020,2021,∆(%)  21/20
Atropelamento,0,1,0,-1,0,1,1,0,53,27,38,0.40740740740740744,53,29,39,0.3448275862068966
Colisão,58,33,36,0.09090909090909083,175,151,161,0.0662251655629138,7432,4467,5236,0.17215133199014998,7665,4651,5433,0.1681358847559664
Despiste,87,44,47,0.06818181818181812,243,159,202,0.270440251572327,3182,2142,2443,0.1405228758169934,3512,2345,2692,0.14797441364605546
Total,145,78,83,0.0641025641025641,418,311,364,0.17041800643086824,10667,6636,7717,0.16289933694996983,11230,7025,8164,0.16213523131672591
,,,,,,,,,,,,,,,,
,,,,,,,,,,,,,,,,
,,,,,,,,,,,,,,,,
,,,,,,,,,,,,,,,,
,,,,,,,,,,,,,,,,
,,,,,,,,,,,,,,,,
,,,,,,,,,,,,,,,,
,,,,,,,,,,,,,,,,
,,,,,,,,,,,,,,,,
,,,,,,,,,,,,,,,,
,,,,,,,,,,,,,,,,
,,,,,,,,,,,,,,,,
,,,,,,,,,,,,,,,,
,,,,,,,,,,,,,,,,
,,,,,,,,,,,,,,,,
,,,,,,,,,,,,,,,,
,,,,,,,,,,,,,,,,
,,,,,,,,,,,,,,,,
,,,,,,,,,,,,,,,,
,,,,,,,,,,,,,,,,
,,,,,,,,,,,,,,,,
,,,,,,,,,,,,,,,,
,,,,,,,,,,,,,,,,
,,,,,,,,,,,,,,,,
