Quadro 6.1 Condutores vítimas em Portugal por região NUTS I,,,,,,,,,,,,,,,,
,,,,,,,,,,,,,,,,
NUTS I,VM,,,,FG,,,,FL,,,,Total de condutores vítimas,,,
,2019,2020,2021,∆(%)  21/20,2019,2020,2021,∆(%)  21/20,2019,2020,2021,∆(%)  21/20,2019,2020,2021,∆(%)  21/20
Continente,383,344,358,0.04069767441860472,1391,1164,1374,0.18041237113402064,27754,21014,23304,0.10897496906824022,29528,22522,25036,0.11162418968120069
RA Açores,10,8,12,0.5,59,71,57,-0.19718309859154926,429,367,448,0.22070844686648505,498,446,517,0.15919282511210753
RA Madeira,10,5,8,0.6000000000000001,65,40,60,0.5,693,557,667,0.19748653500897673,768,602,735,0.22093023255813948
Total,403,357,378,0.05882352941176472,1515,1275,1491,0.16941176470588237,28876,21938,24419,0.11309143951135026,30794,23570,26288,0.11531607976240976
,,,,,,,,,,,,,,,,
,,,,,,,,,,,,,,,,
,,,,,,,,,,,,,,,,
,,,,,,,,,,,,,,,,
,,,,,,,,,,,,,,,,
,,,,,,,,,,,,,,,,
,,,,,,,,,,,,,,,,
,,,,,,,,,,,,,,,,
,,,,,,,,,,,,,,,,
,,,,,,,,,,,,,,,,
,,,,,,,,,,,,,,,,
,,,,,,,,,,,,,,,,
,,,,,,,,,,,,,,,,
,,,,,,,,,,,,,,,,
,,,,,,,,,,,,,,,,
,,,,,,,,,,,,,,,,
,,,,,,,,,,,,,,,,
,,,,,,,,,,,,,,,,
,,,,,,,,,,,,,,,,
,,,,,,,,,,,,,,,,
,,,,,,,,,,,,,,,,
,,,,,,,,,,,,,,,,
,,,,,,,,,,,,,,,,
,,,,,,,,,,,,,,,,
,,,,,,,,,,,,,,,,
